{"19": [-837.908169054623, -838.6980296254777, -839.1801813821878, -839.4905918012183, -839.6967469167984, -839.8348558966018, -839.9262147549796, -839.9845024181983, -840.01923378414, -840.0371469258349, -840.0428720399877, -840.0396817885745, -840.0300168655332, -840.0157926696022, -839.9986374444288, -839.9801044569462, -839.9644345772239, -839.9510808099332, -839.9388753170167, -839.9327361696232, -839.9217821327045, -839.9122213900174, -839.9038662819854, -839.8965408917313, -839.8901277761131], "20": [-837.902044503466, -838.6881832904176, -839.1656900565521, -839.461260029687, -839.6593608229467, -839.7974321187486, -839.8918334004802, -839.9537591452965, -839.991581369011, -840.0115425558846, -840.0182535620196, -840.0151141790903, -840.0062724895128, -839.9963378144795, -839.9835487783554, -839.9693674138343, -839.9551268996197, -839.9420318593768, -839.9528807715375, -839.947819334043, -839.9514584072576, -839.9501557438716, -839.9503972237521, -839.949893407314, -839.9494498931622], "21": [-837.8870206656611, -838.6755124715554, -839.1531416744339, -839.4531846631179, -839.6445814893608, -839.7677552755613, -839.8534205447476, -839.9095261497845, -839.9430431055757, -839.9601028652701, -839.9656707315752, -839.9641231405278, -839.9593120368102, -839.9540658852188, -839.9497029470697, -839.9462460128567, -839.940774765849, -839.9401687507254, -839.940998495324, -839.9474883307458, -839.9253912616251, -839.9317971255527, -839.9259928995822, -839.9295280223972, -839.9230255966092], "9": [-837.9030730154869, -838.694014841216, -839.177590059766, -839.4854933197887, -839.6897106427788, -839.8271417273203, -839.9207127268087, -839.9764850697792, -840.0148076212333, -840.0365516274355, -840.0460991052358, -840.0467088097419, -840.0408423432768, -840.0486693626915, -840.0369919803726, -840.0239186384551, -840.0105601545781, -839.9978586647907, -839.9865590415333, -839.968233407554, -839.9618929139236, -839.9574405641704, -839.9543975241577, -839.9522489571734, -839.9505086692864], "10": [-837.8878226918592, -838.6801118697086, -839.1576545356211, -839.450819475475, -839.6494050615703, -839.7903844086117, -839.9246907065335, -839.9874496846778, -840.0266284240973, -840.0487354479927, -840.0584821372322, -840.0593400528858, -840.0539109864984, -840.0441884395867, -840.0317492729984, -840.0178932356187, -840.0037307320594, -839.9902173121934, -839.9708506695034, -839.9599189039806, -839.9528659073119, -839.9328435943573, -839.9317792601507, -839.9310211780866, -839.9304795303605], "11": [-837.8706386121709, -838.6652270674289, -839.1523084464488, -839.4639625994737, -839.6679587223059, -839.8025551811946, -839.8914445587221, -839.9564402996664, -839.9989803319066, -840.0246838309204, -840.0354348009099, -840.0397102873973, -840.0375210399083, -840.0308062806896, -840.0210918953038, -840.0095942657811, -839.9882961974237, -839.9847649276971, -839.9423175339793, -839.9646483871293, -839.9344145803452, -839.9313626198006, -839.9260295174485, -839.9269249441788, -839.9226420281359], "2": [-7.313345828761002, -7.500922090905934, -7.630978249333206, -7.720812412134777, -7.782242402637008, -7.823599276362815, -7.850698377596027, -7.867563290110052, -7.877001491818369, -7.881015715646998, -7.881072044030919, -7.878268167584996, -7.8734402931328304, -7.8672339648160285, -7.860153207378779, -7.852595827876735, -7.844879093009726, -7.837257967615507, -7.829937002623391, -7.823076642134089, -7.816795150472932, -7.81116828480337, -7.806229560089846, -7.8019736023325486, -7.798363430915127], "22": [-7.312801518566507, -7.500487983850106, -7.630648960120125, -7.720551219620308, -7.782009655473541, -7.823362852140476, -7.850438014458355, -7.86727129118692, -7.876680350444244, -7.880674201929426, -7.88072144595244, -7.87791963670184, -7.87310343402673, -7.866916357310489, -7.859860461013139, -7.852331856247623, -7.844646421532608, -7.837057984596321, -7.8297701251095, -7.822942387884483, -7.816692160497202, -7.81109433805311, -7.806181658901632, -7.801948163147081, -7.798356567779237], "23": [-7.302380834841233, -7.487940306472801, -7.617372795344414, -7.707141612643295, -7.7686217680331975, -7.809919870041314, -7.836736441317967, -7.853036429689835, -7.861597607022325, -7.86440676493414, -7.862919336643073, -7.858223185541192, -7.851143461037702, -7.842312945347624, -7.832221960285156, -7.821255759905119, -7.809724128401692, -7.797886238174646, -7.785972909724709, -7.774207798670967, -7.762828146796168, -7.752103515955357, -7.742346057152774, -7.733899283905755, -7.7270929700043345], "24": [-7.277400533091765, -7.450866446467941, -7.572759596883022, -7.657931363025729, -7.716722886796839, -7.756722291140748, -7.78334090709963, -7.800389597116539, -7.810606944241613, -7.816029514826572, -7.8182043397151455, -7.818296185162446, -7.8171471962993815, -7.815328911538462, -7.813200499794645, -7.810968275420536, -7.808737807045458, -7.806554061625351, -7.804430517130828, -7.802367319834906, -7.800364233499862, -7.798425640222419, -7.796562599993203, -7.79479105041262, -7.793128790487834]}